isic_id,iddx_2,iddx_3
ISIC_0199242,Indeterminate melanocytic proliferations,Atypical melanocytic neoplasm
ISIC_0292068,Indeterminate melanocytic proliferations,Atypical melanocytic neoplasm
ISIC_0327140,Indeterminate melanocytic proliferations,Atypical melanocytic neoplasm
ISIC_0457184,Indeterminate melanocytic proliferations,Atypical melanocytic neoplasm
ISIC_0591050,Indeterminate melanocytic proliferations,Atypical melanocytic neoplasm
ISIC_0720024,Indeterminate melanocytic proliferations,Atypical melanocytic neoplasm
ISIC_0790835,Indeterminate melanocytic proliferations,Atypical melanocytic neoplasm
ISIC_0914926,Benign soft tissue proliferations - Fibro-histiocytic,Dermatofibroma
ISIC_0950640,Indeterminate melanocytic proliferations,Atypical intraepithelial melanocytic proliferation
ISIC_1011575,Cysts,Trichilemmal or isthmic-catagen or pilar cyst
ISIC_1163954,Indeterminate melanocytic proliferations,Atypical melanocytic neoplasm
ISIC_1191502,Benign soft tissue proliferations - Fibro-histiocytic,Angiofibroma
ISIC_1246703,Benign soft tissue proliferations - Fibro-histiocytic,Scar
ISIC_1335771,Indeterminate melanocytic proliferations,Atypical melanocytic neoplasm
ISIC_1345438,Benign soft tissue proliferations - Fibro-histiocytic,Dermatofibroma
ISIC_1353866,Indeterminate melanocytic proliferations,Atypical melanocytic neoplasm
ISIC_1761760,Indeterminate melanocytic proliferations,Atypical melanocytic neoplasm
ISIC_1777618,Indeterminate melanocytic proliferations,Atypical intraepithelial melanocytic proliferation
ISIC_1964199,Indeterminate melanocytic proliferations,Atypical melanocytic neoplasm
ISIC_1979221,Indeterminate melanocytic proliferations,Atypical intraepithelial melanocytic proliferation
ISIC_2003785,Indeterminate melanocytic proliferations,Atypical melanocytic neoplasm
ISIC_2031343,Indeterminate melanocytic proliferations,Atypical melanocytic neoplasm
ISIC_2036691,Inflammatory or infectious diseases,Verruca
ISIC_2175101,Benign soft tissue proliferations - Fibro-histiocytic,Angiofibroma
ISIC_2299846,Indeterminate melanocytic proliferations,Atypical melanocytic neoplasm
ISIC_2734121,Indeterminate melanocytic proliferations,Atypical melanocytic neoplasm
ISIC_2750420,Indeterminate melanocytic proliferations,Atypical melanocytic neoplasm
ISIC_2928691,Indeterminate melanocytic proliferations,Atypical melanocytic neoplasm
ISIC_2971275,Inflammatory or infectious diseases,Verruca
ISIC_3156710,Indeterminate melanocytic proliferations,Atypical melanocytic neoplasm
ISIC_3301600,Benign soft tissue proliferations - Fibro-histiocytic,Dermatofibroma
ISIC_3620896,Indeterminate melanocytic proliferations,Atypical melanocytic neoplasm
ISIC_3778043,Indeterminate melanocytic proliferations,Atypical melanocytic neoplasm
ISIC_3831934,Indeterminate melanocytic proliferations,Atypical melanocytic neoplasm
ISIC_3846547,Benign soft tissue proliferations - Vascular,Hemangioma
ISIC_3867233,Indeterminate melanocytic proliferations,Atypical melanocytic neoplasm
ISIC_3890561,Indeterminate melanocytic proliferations,Atypical melanocytic neoplasm
ISIC_3990524,Inflammatory or infectious diseases,Verruca
ISIC_4025578,Indeterminate melanocytic proliferations,Atypical intraepithelial melanocytic proliferation
ISIC_4041670,Indeterminate melanocytic proliferations,Atypical melanocytic neoplasm
ISIC_4065832,Indeterminate melanocytic proliferations,Atypical intraepithelial melanocytic proliferation
ISIC_4130902,Indeterminate melanocytic proliferations,Atypical melanocytic neoplasm
ISIC_4133750,Indeterminate melanocytic proliferations,Atypical melanocytic neoplasm
ISIC_4197856,Indeterminate melanocytic proliferations,Atypical intraepithelial melanocytic proliferation
ISIC_4331499,Indeterminate melanocytic proliferations,Atypical melanocytic neoplasm
ISIC_4478688,Indeterminate melanocytic proliferations,Atypical melanocytic neoplasm
ISIC_4496734,Benign soft tissue proliferations - Fibro-histiocytic,Dermatofibroma
ISIC_4525577,Indeterminate melanocytic proliferations,Atypical melanocytic neoplasm
ISIC_4538362,Inflammatory or infectious diseases,Verruca
ISIC_4576129,Benign soft tissue proliferations - Fibro-histiocytic,Dermatofibroma
ISIC_4680053,Indeterminate melanocytic proliferations,Atypical melanocytic neoplasm
ISIC_4684330,Indeterminate melanocytic proliferations,Atypical melanocytic neoplasm
ISIC_4741592,Indeterminate melanocytic proliferations,Atypical melanocytic neoplasm
ISIC_4854571,Indeterminate melanocytic proliferations,Atypical melanocytic neoplasm
ISIC_4912381,Indeterminate melanocytic proliferations,Atypical melanocytic neoplasm
ISIC_4985391,Indeterminate melanocytic proliferations,Atypical melanocytic neoplasm
ISIC_5053398,Indeterminate melanocytic proliferations,Atypical melanocytic neoplasm
ISIC_5065175,Indeterminate melanocytic proliferations,Atypical melanocytic neoplasm
ISIC_5090853,Indeterminate melanocytic proliferations,Atypical melanocytic neoplasm
ISIC_5094402,Indeterminate melanocytic proliferations,Atypical melanocytic neoplasm
ISIC_5170761,Indeterminate melanocytic proliferations,Atypical melanocytic neoplasm
ISIC_5181678,Indeterminate melanocytic proliferations,Atypical melanocytic neoplasm
ISIC_5329940,Benign soft tissue proliferations - Fibro-histiocytic,Dermatofibroma
ISIC_5684056,Indeterminate melanocytic proliferations,Atypical melanocytic neoplasm
ISIC_5766846,Cysts,
ISIC_5800282,Indeterminate melanocytic proliferations,Atypical intraepithelial melanocytic proliferation
ISIC_5889791,Indeterminate melanocytic proliferations,Atypical melanocytic neoplasm
ISIC_5940288,Indeterminate melanocytic proliferations,Atypical melanocytic neoplasm
ISIC_5950591,Benign soft tissue proliferations - Fibro-histiocytic,Dermatofibroma
ISIC_6058769,Benign adnexal epithelial proliferations - Apocrine or Eccrine,Hidradenoma
ISIC_6255695,Indeterminate melanocytic proliferations,Atypical melanocytic neoplasm
ISIC_6372328,Benign soft tissue proliferations - Fibro-histiocytic,Dermatofibroma
ISIC_6479083,Indeterminate melanocytic proliferations,Atypical melanocytic neoplasm
ISIC_6575355,Indeterminate melanocytic proliferations,Atypical intraepithelial melanocytic proliferation
ISIC_6598622,Indeterminate melanocytic proliferations,Atypical melanocytic neoplasm
ISIC_6634748,Indeterminate melanocytic proliferations,Atypical intraepithelial melanocytic proliferation
ISIC_6773249,Indeterminate melanocytic proliferations,Atypical melanocytic neoplasm
ISIC_6999041,Indeterminate melanocytic proliferations,Atypical melanocytic neoplasm
ISIC_7050655,Inflammatory or infectious diseases,Verruca
ISIC_7095002,Benign soft tissue proliferations - Fibro-histiocytic,Fibroepithelial polyp
ISIC_7118037,Indeterminate melanocytic proliferations,Atypical melanocytic neoplasm
ISIC_7249293,Indeterminate melanocytic proliferations,Atypical intraepithelial melanocytic proliferation
ISIC_7488074,Benign soft tissue proliferations - Fibro-histiocytic,Dermatofibroma
ISIC_7723351,Benign soft tissue proliferations - Vascular,Hemangioma
ISIC_7777021,Benign adnexal epithelial proliferations - Follicular,
ISIC_7777364,Indeterminate melanocytic proliferations,Atypical melanocytic neoplasm
ISIC_7795225,Indeterminate melanocytic proliferations,Atypical melanocytic neoplasm
ISIC_7948199,Inflammatory or infectious diseases,Verruca
ISIC_8034155,Indeterminate melanocytic proliferations,Atypical melanocytic neoplasm
ISIC_8135482,Indeterminate melanocytic proliferations,Atypical melanocytic neoplasm
ISIC_8275832,Benign adnexal epithelial proliferations - Follicular,
ISIC_8285910,Indeterminate melanocytic proliferations,Atypical melanocytic neoplasm
ISIC_8637215,Indeterminate melanocytic proliferations,Atypical melanocytic neoplasm
ISIC_8659459,Indeterminate melanocytic proliferations,Atypical melanocytic neoplasm
ISIC_8740008,Benign soft tissue proliferations - Vascular,Hemangioma
ISIC_8773510,Indeterminate melanocytic proliferations,Atypical melanocytic neoplasm
ISIC_8797926,Inflammatory or infectious diseases,Verruca
ISIC_8902775,Indeterminate melanocytic proliferations,Atypical melanocytic neoplasm
ISIC_8915898,Benign soft tissue proliferations - Fibro-histiocytic,Dermatofibroma
ISIC_9140566,Indeterminate melanocytic proliferations,Atypical melanocytic neoplasm
ISIC_9244181,Indeterminate melanocytic proliferations,Atypical melanocytic neoplasm
ISIC_9297282,Indeterminate melanocytic proliferations,Atypical intraepithelial melanocytic proliferation
ISIC_9477378,Indeterminate melanocytic proliferations,Atypical melanocytic neoplasm
ISIC_9758451,Indeterminate melanocytic proliferations,Atypical melanocytic neoplasm
ISIC_9933130,Benign soft tissue proliferations - Fibro-histiocytic,Dermatofibroma
